arm,round,whole,browser,renderer,gpu,audioService,accepted
hybrid,1,36.2985419120432,0.19656626441227112,22.001433303277093,13.278811569228298,0.7425903314191965,True
selective,1,29.96099559824829,0.6651033053693299,19.081846527767553,9.497822585894772,0.7016946360968067,True
flac,1,12.732619212117529,0.5173390668903953,5.5448547369269825,6.227186181473239,0.41402823198877103,True
direct,1,11.955631011073029,0.2426969053031171,5.250407210629869,5.932343269421886,0.5154553306718521,True
hybrid-no-draw,1,17.1009134085331,0.19954009295000427,15.978614740684357,0.10562652195767538,0.7993751592880889,True
hybrid-no-audio,1,31.143643180021694,0.19656094196280535,17.907878168833104,12.260264407389913,0.7680709921045351,True
hybrid-no-audio,2,33.30368510943739,0.21547826116319183,19.019371203158073,13.250263227981357,0.7975845345277357,True
hybrid-no-draw,2,17.000833438964015,0.22892788101528394,15.842456261367188,0.13710276978673422,0.7777338961262027,True
direct,2,10.466460283136952,0.21874737023907292,4.5743735403664765,5.178835742017047,0.4610451509446768,True
flac,2,18.84590489641266,0.6990046879282653,7.955794011849139,9.642698128701998,0.5347197385654523,True
selective,2,29.632464764399092,0.7668562292021769,18.84358867795185,9.232576242744482,0.759802045790054,True
hybrid,2,37.51609243910506,0.21398588776402222,22.866446270115244,13.628399657087488,0.7935062098473389,True
hybrid,3,37.429416046343626,0.19541328673570588,22.61361729752482,13.820544336089878,0.7906571464672006,True
selective,3,30.287849335373725,0.7944190002192955,19.28674905925883,9.43600045293086,0.7602516237749692,True
flac,3,18.055212409225756,0.6390433703541316,7.776610791365035,9.116769117559087,0.5138053478020332,True
direct,3,8.241184708039231,0.19250432062761866,3.5623923174863106,4.037476282589053,0.41604530720656774,True
hybrid-no-draw,3,17.27053266815903,0.2112499574160705,16.19143558950637,0.08656973760777444,0.7725584172169461,True
hybrid-no-audio,3,32.91005051113464,0.2122001438171442,18.63366139426579,13.27574275025126,0.7710028550269487,True
