url	citing_bundled_sources	verification_status
https://aomediacodec.github.io/av1-avif/v1.2.0.html	sources/proposals/R88-R101-research-backlog.md	PRESERVED_REFERENCE_NOT_REVALIDATED_IN_THIS_PACKAGING_PASS
https://api.github.com/repos/Jagalite/demuxe/branches/main	sources/proposals/Demuxe_R58_R69_Research_Backlog.md	PRESERVED_REFERENCE_NOT_REVALIDATED_IN_THIS_PACKAGING_PASS
https://chromium.googlesource.com/chromium/src/+/main/media/formats/mp4/mp4_stream_parser.cc	sources/proposals/Demuxe_Routing_Optimization_Ideas.md	PRESERVED_REFERENCE_NOT_REVALIDATED_IN_THIS_PACKAGING_PASS
https://chromium.googlesource.com/chromium/src/+/refs/heads/main/media/filters/ffmpeg_demuxer.cc	sources/proposals/Demuxe_Routing_Optimization_Ideas.md	PRESERVED_REFERENCE_NOT_REVALIDATED_IN_THIS_PACKAGING_PASS
https://compression.spec.whatwg.org/	sources/proposals/Demuxe_R358_R362_Proposals.md	PRESERVED_REFERENCE_NOT_REVALIDATED_IN_THIS_PACKAGING_PASS
https://developer.apple.com/streaming/	sources/proposals/Demuxe_R363_R366_Proposals.md	PRESERVED_REFERENCE_NOT_REVALIDATED_IN_THIS_PACKAGING_PASS
https://developer.apple.com/videos/play/wwdc2023/10071/	sources/reports/R239-R246-report.md	PRESERVED_REFERENCE_NOT_REVALIDATED_IN_THIS_PACKAGING_PASS
https://developer.apple.com/videos/play/wwdc2023/10122/	sources/proposals/Demuxe_R353_R357_Proposals.md	PRESERVED_REFERENCE_NOT_REVALIDATED_IN_THIS_PACKAGING_PASS
https://developer.chrome.com/blog/alpha-transparency-in-chrome-video	sources/proposals/R88-R101-research-backlog.md	PRESERVED_REFERENCE_NOT_REVALIDATED_IN_THIS_PACKAGING_PASS
https://developer.chrome.com/blog/audio-worklet-design-pattern/	sources/proposals/Demuxe_Routing_Optimization_Ideas.md	PRESERVED_REFERENCE_NOT_REVALIDATED_IN_THIS_PACKAGING_PASS
https://developer.chrome.com/blog/new-in-webgpu-116	sources/proposals/Demuxe_Routing_Optimization_Ideas.md; sources/proposals/R88-R101-research-backlog.md	PRESERVED_REFERENCE_NOT_REVALIDATED_IN_THIS_PACKAGING_PASS
https://developer.chrome.com/blog/quotaexceedederror	sources/proposals/Demuxe_Sandbox_Experiment_Addendum.md	PRESERVED_REFERENCE_NOT_REVALIDATED_IN_THIS_PACKAGING_PASS
https://developer.chrome.com/docs/chromium/videong	sources/proposals/R88-R101-research-backlog.md	PRESERVED_REFERENCE_NOT_REVALIDATED_IN_THIS_PACKAGING_PASS
https://developer.chrome.com/docs/web-platform/document-picture-in-picture	sources/proposals/Demuxe_Routing_Optimization_Ideas.md	PRESERVED_REFERENCE_NOT_REVALIDATED_IN_THIS_PACKAGING_PASS
https://developers.google.com/tink/streaming-aead	sources/proposals/Demuxe_R289_R294_Proposals.md	PRESERVED_REFERENCE_NOT_REVALIDATED_IN_THIS_PACKAGING_PASS
https://developers.google.com/tink/streaming-aead/aes_gcm_hkdf_streaming	sources/proposals/Demuxe_R289_R294_Proposals.md	PRESERVED_REFERENCE_NOT_REVALIDATED_IN_THIS_PACKAGING_PASS
https://docs.python.org/3/library/zlib.html	sources/reports/R146-R158-report.md	PRESERVED_REFERENCE_NOT_REVALIDATED_IN_THIS_PACKAGING_PASS
https://emscripten.org/docs/porting/asyncify.html	sources/proposals/Demuxe_Routing_Optimization_Ideas.md	PRESERVED_REFERENCE_NOT_REVALIDATED_IN_THIS_PACKAGING_PASS
https://fate-suite.ffmpeg.org/vp9-test-vectors/	sources/reports/R88-R101-report.md	PRESERVED_REFERENCE_NOT_REVALIDATED_IN_THIS_PACKAGING_PASS
https://ffmpeg.org/doxygen/7.1/alac_8c_source.html	sources/proposals/Demuxe_R43_R57_Experiment_Backlog.md	PRESERVED_REFERENCE_NOT_REVALIDATED_IN_THIS_PACKAGING_PASS
https://ffmpeg.org/doxygen/7.1/audio__fifo_8h_source.html	sources/reports/R70-R75-report.md	PRESERVED_REFERENCE_NOT_REVALIDATED_IN_THIS_PACKAGING_PASS
https://ffmpeg.org/doxygen/7.1/frame_8h_source.html	sources/reports/R146-R158-report.md	PRESERVED_REFERENCE_NOT_REVALIDATED_IN_THIS_PACKAGING_PASS
https://ffmpeg.org/doxygen/7.1/group__lavu__math.html	sources/proposals/Demuxe_R43_R57_Experiment_Backlog.md	PRESERVED_REFERENCE_NOT_REVALIDATED_IN_THIS_PACKAGING_PASS
https://ffmpeg.org/doxygen/7.1/h264__sei_8c_source.html	sources/reports/R146-R158-report.md	PRESERVED_REFERENCE_NOT_REVALIDATED_IN_THIS_PACKAGING_PASS
https://ffmpeg.org/doxygen/7.1/mjpegdec_8c_source.html	sources/proposals/Demuxe_R58_R69_Research_Backlog.md	PRESERVED_REFERENCE_NOT_REVALIDATED_IN_THIS_PACKAGING_PASS
https://ffmpeg.org/doxygen/7.1/motion__vector_8h_source.html	sources/reports/R146-R158-report.md	PRESERVED_REFERENCE_NOT_REVALIDATED_IN_THIS_PACKAGING_PASS
https://ffmpeg.org/doxygen/7.1/mpeg12data_8c_source.html	sources/reports/R146-R158-report.md	PRESERVED_REFERENCE_NOT_REVALIDATED_IN_THIS_PACKAGING_PASS
https://ffmpeg.org/doxygen/7.1/mpeg12dec_8c_source.html	sources/proposals/Demuxe_R58_R69_Research_Backlog.md	PRESERVED_REFERENCE_NOT_REVALIDATED_IN_THIS_PACKAGING_PASS
https://ffmpeg.org/doxygen/7.1/structAVCodec.html	sources/proposals/Demuxe_R58_R69_Research_Backlog.md	PRESERVED_REFERENCE_NOT_REVALIDATED_IN_THIS_PACKAGING_PASS
https://ffmpeg.org/ffmpeg-bitstream-filters.html	sources/proposals/Demuxe_R332_R337_Proposals.md; sources/proposals/R88-R101-research-backlog.md	PRESERVED_REFERENCE_NOT_REVALIDATED_IN_THIS_PACKAGING_PASS
https://ffmpeg.org/ffmpeg-codecs.html	sources/reports/R70-R75-report.md	PRESERVED_REFERENCE_NOT_REVALIDATED_IN_THIS_PACKAGING_PASS
https://ffmpeg.org/ffmpeg-filters.html	sources/proposals/Demuxe_R332_R337_Proposals.md	PRESERVED_REFERENCE_NOT_REVALIDATED_IN_THIS_PACKAGING_PASS
https://ffmpeg.org/ffmpeg-filters.html#acrossfade	sources/proposals/Demuxe_R58_R69_Research_Backlog.md	PRESERVED_REFERENCE_NOT_REVALIDATED_IN_THIS_PACKAGING_PASS
https://ffmpeg.org/ffmpeg-filters.html#ebur128	sources/proposals/Demuxe_R307_R312_Proposals.md	PRESERVED_REFERENCE_NOT_REVALIDATED_IN_THIS_PACKAGING_PASS
https://ffmpeg.org/ffmpeg-filters.html#tmix	sources/proposals/Demuxe_R348_R352_Proposals.md	PRESERVED_REFERENCE_NOT_REVALIDATED_IN_THIS_PACKAGING_PASS
https://ffmpeg.org/ffmpeg-formats.html	sources/proposals/Demuxe_R332_R337_Proposals.md; sources/proposals/Demuxe_R353_R357_Proposals.md; sources/proposals/Demuxe_R43_R57_Experiment_Backlog.md; sources/proposals/Demuxe_Routing_Optimization_Ideas.md; sources/proposals/Demuxe_Sandbox_Experiment_Addendum.md; sources/proposals/R88-R101-research-backlog.md; sources/reports/R70-R75-report.md	PRESERVED_REFERENCE_NOT_REVALIDATED_IN_THIS_PACKAGING_PASS
https://ffmpeg.org/ffmpeg-resampler.html	sources/proposals/Demuxe_Routing_Optimization_Ideas.md	PRESERVED_REFERENCE_NOT_REVALIDATED_IN_THIS_PACKAGING_PASS
https://ffmpeg.org/ffmpeg-scaler.html	sources/proposals/Demuxe_R338_R342_Proposals.md	PRESERVED_REFERENCE_NOT_REVALIDATED_IN_THIS_PACKAGING_PASS
https://ffmpeg.org/ffmpeg.html#Stream-specifiers	sources/proposals/Demuxe_R58_R69_Research_Backlog.md	PRESERVED_REFERENCE_NOT_REVALIDATED_IN_THIS_PACKAGING_PASS
https://ffmpeg.org/ffprobe.html	sources/proposals/Demuxe_R43_R57_Experiment_Backlog.md	PRESERVED_REFERENCE_NOT_REVALIDATED_IN_THIS_PACKAGING_PASS
https://github.com/FFmpeg/FFmpeg/blob/n7.1.1/libavcodec/bsf/mjpeg2jpeg.c	sources/proposals/Demuxe_R58_R69_Research_Backlog.md	PRESERVED_REFERENCE_NOT_REVALIDATED_IN_THIS_PACKAGING_PASS
https://github.com/FFmpeg/FFmpeg/blob/n7.1.1/libavcodec/h2645_sei.c	sources/proposals/Demuxe_R58_R69_Research_Backlog.md	PRESERVED_REFERENCE_NOT_REVALIDATED_IN_THIS_PACKAGING_PASS
https://github.com/FFmpeg/FFmpeg/blob/n7.1.1/libavcodec/pgssubdec.c	sources/proposals/Demuxe_Routing_Optimization_Ideas.md	PRESERVED_REFERENCE_NOT_REVALIDATED_IN_THIS_PACKAGING_PASS
https://github.com/FFmpeg/FFmpeg/blob/n7.1.1/tools/qt-faststart.c	sources/proposals/Demuxe_R58_R69_Research_Backlog.md	PRESERVED_REFERENCE_NOT_REVALIDATED_IN_THIS_PACKAGING_PASS
https://github.com/Jagalite/demuxe/blob/9abfd1b22300cf273fc0bd1a8290261281c8f3f3/docs/OPTIMIZATION-COMPLETION.md	sources/historical_plans/Demuxe_Impact_and_Qualification_Priority.md	PRESERVED_REFERENCE_NOT_REVALIDATED_IN_THIS_PACKAGING_PASS
https://github.com/Jagalite/demuxe/blob/9abfd1b22300cf273fc0bd1a8290261281c8f3f3/docs/RELEASE.md	sources/historical_plans/Demuxe_Impact_and_Qualification_Priority.md	PRESERVED_REFERENCE_NOT_REVALIDATED_IN_THIS_PACKAGING_PASS
https://github.com/Jagalite/demuxe/blob/9abfd1b22300cf273fc0bd1a8290261281c8f3f3/docs/RUNTIME-ASSETS.md	sources/historical_plans/Demuxe_Impact_and_Qualification_Priority.md	PRESERVED_REFERENCE_NOT_REVALIDATED_IN_THIS_PACKAGING_PASS
https://github.com/Jagalite/demuxe/blob/9abfd1b22300cf273fc0bd1a8290261281c8f3f3/native/adaptation/flac.h	sources/historical_plans/Demuxe_Impact_and_Qualification_Priority.md; sources/historical_plans/Demuxe_Individual_Runtime_Screening_Plan.md; sources/proposals/Demuxe_Routing_Optimization_Ideas.md; sources/reports/R70-R75-report.md	PRESERVED_REFERENCE_NOT_REVALIDATED_IN_THIS_PACKAGING_PASS
https://github.com/Jagalite/demuxe/blob/9abfd1b22300cf273fc0bd1a8290261281c8f3f3/native/remux/remux.c	sources/reports/R70-R75-report.md	PRESERVED_REFERENCE_NOT_REVALIDATED_IN_THIS_PACKAGING_PASS
https://github.com/Jagalite/demuxe/blob/9abfd1b22300cf273fc0bd1a8290261281c8f3f3/src/internal/native-ass.ts	sources/proposals/Demuxe_Routing_Optimization_Ideas.md	PRESERVED_REFERENCE_NOT_REVALIDATED_IN_THIS_PACKAGING_PASS
https://github.com/Jagalite/demuxe/blob/9abfd1b22300cf273fc0bd1a8290261281c8f3f3/src/internal/native-player.ts	sources/proposals/Demuxe_R58_R69_Research_Backlog.md	PRESERVED_REFERENCE_NOT_REVALIDATED_IN_THIS_PACKAGING_PASS
https://github.com/Jagalite/demuxe/blob/9abfd1b22300cf273fc0bd1a8290261281c8f3f3/src/internal/playback-plans.ts	sources/historical_plans/Demuxe_Impact_and_Qualification_Priority.md; sources/proposals/Demuxe_Routing_Optimization_Ideas.md	PRESERVED_REFERENCE_NOT_REVALIDATED_IN_THIS_PACKAGING_PASS
https://github.com/Jagalite/demuxe/blob/9abfd1b22300cf273fc0bd1a8290261281c8f3f3/web/native-remux-worker.js	sources/historical_plans/Demuxe_Impact_and_Qualification_Priority.md; sources/historical_plans/Demuxe_Individual_Runtime_Screening_Plan.md	PRESERVED_REFERENCE_NOT_REVALIDATED_IN_THIS_PACKAGING_PASS
https://github.com/Jagalite/demuxe/blob/9abfd1b22300cf273fc0bd1a8290261281c8f3f3/web/video-codec-config.js	sources/proposals/Demuxe_R58_R69_Research_Backlog.md	PRESERVED_REFERENCE_NOT_REVALIDATED_IN_THIS_PACKAGING_PASS
https://github.com/Jagalite/demuxe/tree/9abfd1b22300cf273fc0bd1a8290261281c8f3f3	sources/historical_plans/Demuxe_Impact_and_Qualification_Priority.md; sources/historical_plans/Demuxe_Individual_Runtime_Screening_Plan.md	PRESERVED_REFERENCE_NOT_REVALIDATED_IN_THIS_PACKAGING_PASS
https://github.com/chromium/chromium/blob/main/media/base/video_decoder_config.cc	sources/proposals/Demuxe_R58_R69_Research_Backlog.md	PRESERVED_REFERENCE_NOT_REVALIDATED_IN_THIS_PACKAGING_PASS
https://github.com/chromium/chromium/blob/main/third_party/blink/renderer/modules/mediasource/source_buffer.idl	sources/proposals/Demuxe_Routing_Optimization_Ideas.md	PRESERVED_REFERENCE_NOT_REVALIDATED_IN_THIS_PACKAGING_PASS
https://github.com/chromium/chromium/blob/main/third_party/blink/renderer/platform/runtime_enabled_features.json5	sources/proposals/Demuxe_Routing_Optimization_Ideas.md	PRESERVED_REFERENCE_NOT_REVALIDATED_IN_THIS_PACKAGING_PASS
https://github.com/google/libultrahdr	sources/proposals/Demuxe_R301_R306_Proposals.md; sources/reports/R239-R246-report.md	PRESERVED_REFERENCE_NOT_REVALIDATED_IN_THIS_PACKAGING_PASS
https://github.com/libjpeg-turbo/libjpeg-turbo/blob/main/doc/libjpeg.txt	sources/reports/R146-R158-report.md	PRESERVED_REFERENCE_NOT_REVALIDATED_IN_THIS_PACKAGING_PASS
https://github.com/libjpeg-turbo/libjpeg-turbo/blob/main/doc/usage.txt	sources/proposals/R102-R115-research-backlog.md	PRESERVED_REFERENCE_NOT_REVALIDATED_IN_THIS_PACKAGING_PASS
https://html.spec.whatwg.org/multipage/imagebitmap-and-animations.html	sources/proposals/Demuxe_R58_R69_Research_Backlog.md	PRESERVED_REFERENCE_NOT_REVALIDATED_IN_THIS_PACKAGING_PASS
https://html.spec.whatwg.org/multipage/media.html	sources/proposals/Demuxe_R43_R57_Experiment_Backlog.md; sources/proposals/Demuxe_R58_R69_Research_Backlog.md; sources/proposals/Demuxe_Sandbox_Experiment_Addendum.md	PRESERVED_REFERENCE_NOT_REVALIDATED_IN_THIS_PACKAGING_PASS
https://html.spec.whatwg.org/multipage/structured-data.html	sources/proposals/Demuxe_Sandbox_Experiment_Addendum.md	PRESERVED_REFERENCE_NOT_REVALIDATED_IN_THIS_PACKAGING_PASS
https://libjxl.readthedocs.io/en/latest/api_decoder.html	sources/reports/R146-R158-report.md	PRESERVED_REFERENCE_NOT_REVALIDATED_IN_THIS_PACKAGING_PASS
https://librosa.org/doc/0.11.0/_modules/librosa/core/spectrum.html	sources/proposals/Demuxe_R348_R352_Proposals.md	PRESERVED_REFERENCE_NOT_REVALIDATED_IN_THIS_PACKAGING_PASS
https://mp4ra.org/registered-types/boxes	sources/proposals/Demuxe_R58_R69_Research_Backlog.md	PRESERVED_REFERENCE_NOT_REVALIDATED_IN_THIS_PACKAGING_PASS
https://mpv.io/manual/stable/	sources/proposals/Demuxe_Routing_Optimization_Ideas.md	PRESERVED_REFERENCE_NOT_REVALIDATED_IN_THIS_PACKAGING_PASS
https://openexr.com/en/latest/TechnicalIntroduction.html	sources/proposals/Demuxe_R313_R317_Proposals.md	PRESERVED_REFERENCE_NOT_REVALIDATED_IN_THIS_PACKAGING_PASS
https://opus-codec.org/demo/opus-1.5/	sources/proposals/Demuxe_R301_R306_Proposals.md	PRESERVED_REFERENCE_NOT_REVALIDATED_IN_THIS_PACKAGING_PASS
https://opus-codec.org/docs/opus_api-1.5/group__opus__repacketizer.html	sources/proposals/R88-R101-research-backlog.md	PRESERVED_REFERENCE_NOT_REVALIDATED_IN_THIS_PACKAGING_PASS
https://opus-codec.org/docs/opus_in_isobmff.html	sources/proposals/R88-R101-research-backlog.md	PRESERVED_REFERENCE_NOT_REVALIDATED_IN_THIS_PACKAGING_PASS
https://professionalsupport.dolby.com/s/article/Dolby-Vision-Encoding-of-mezzanine-assets	sources/proposals/R88-R101-research-backlog.md	PRESERVED_REFERENCE_NOT_REVALIDATED_IN_THIS_PACKAGING_PASS
https://raw.githubusercontent.com/AOMediaCodec/av1-spec/master/06.bitstream.syntax.md	sources/proposals/Demuxe_R301_R306_Proposals.md; sources/proposals/Demuxe_R348_R352_Proposals.md	PRESERVED_REFERENCE_NOT_REVALIDATED_IN_THIS_PACKAGING_PASS
https://raw.githubusercontent.com/AOMediaCodec/av1-spec/master/07.bitstream.semantics.md	sources/proposals/Demuxe_R301_R306_Proposals.md; sources/proposals/Demuxe_R348_R352_Proposals.md; sources/proposals/R102-R115-research-backlog.md; sources/reports/R239-R246-report.md	PRESERVED_REFERENCE_NOT_REVALIDATED_IN_THIS_PACKAGING_PASS
https://raw.githubusercontent.com/AOMediaCodec/av1-spec/master/08.decoding.process.md	sources/proposals/Demuxe_R301_R306_Proposals.md; sources/proposals/R102-R115-research-backlog.md	PRESERVED_REFERENCE_NOT_REVALIDATED_IN_THIS_PACKAGING_PASS
https://raw.githubusercontent.com/AcademySoftwareFoundation/openexr/main/src/lib/OpenEXRCore/internal_b44.c	sources/proposals/Demuxe_R313_R317_Proposals.md	PRESERVED_REFERENCE_NOT_REVALIDATED_IN_THIS_PACKAGING_PASS
https://raw.githubusercontent.com/DEShawResearch/random123/main/include/Random123/philox.h	sources/reports/R239-R246-report.md	PRESERVED_REFERENCE_NOT_REVALIDATED_IN_THIS_PACKAGING_PASS
https://raw.githubusercontent.com/DEShawResearch/random123/main/tests/kat_vectors	sources/reports/R239-R246-report.md	PRESERVED_REFERENCE_NOT_REVALIDATED_IN_THIS_PACKAGING_PASS
https://raw.githubusercontent.com/FFmpeg/FFmpeg/n7.1.1/libavcodec/aac/aacdec_latm.h	sources/proposals/Demuxe_R343_R347_Proposals.md	PRESERVED_REFERENCE_NOT_REVALIDATED_IN_THIS_PACKAGING_PASS
https://raw.githubusercontent.com/FFmpeg/FFmpeg/n7.1.1/libavcodec/avcodec.h	sources/proposals/Demuxe_R338_R342_Proposals.md	PRESERVED_REFERENCE_NOT_REVALIDATED_IN_THIS_PACKAGING_PASS
https://raw.githubusercontent.com/FFmpeg/FFmpeg/n7.1.1/libavcodec/bsf/vp9_superframe_split.c	sources/proposals/Demuxe_R332_R337_Proposals.md	PRESERVED_REFERENCE_NOT_REVALIDATED_IN_THIS_PACKAGING_PASS
https://raw.githubusercontent.com/FFmpeg/FFmpeg/n7.1.1/libavcodec/ccaption_dec.c	sources/proposals/Demuxe_R313_R317_Proposals.md	PRESERVED_REFERENCE_NOT_REVALIDATED_IN_THIS_PACKAGING_PASS
https://raw.githubusercontent.com/FFmpeg/FFmpeg/n7.1.1/libavcodec/dsd.c	sources/proposals/Demuxe_R348_R352_Proposals.md	PRESERVED_REFERENCE_NOT_REVALIDATED_IN_THIS_PACKAGING_PASS
https://raw.githubusercontent.com/FFmpeg/FFmpeg/n7.1.1/libavcodec/dsd.h	sources/proposals/Demuxe_R348_R352_Proposals.md	PRESERVED_REFERENCE_NOT_REVALIDATED_IN_THIS_PACKAGING_PASS
https://raw.githubusercontent.com/FFmpeg/FFmpeg/n7.1.1/libavcodec/h264_loopfilter.c	sources/proposals/Demuxe_R289_R294_Proposals.md; sources/proposals/Demuxe_R301_R306_Proposals.md	PRESERVED_REFERENCE_NOT_REVALIDATED_IN_THIS_PACKAGING_PASS
https://raw.githubusercontent.com/FFmpeg/FFmpeg/n7.1.1/libavcodec/h264_slice.c	sources/proposals/Demuxe_R289_R294_Proposals.md	PRESERVED_REFERENCE_NOT_REVALIDATED_IN_THIS_PACKAGING_PASS
https://raw.githubusercontent.com/FFmpeg/FFmpeg/n7.1.1/libavcodec/h264dsp_template.c	sources/proposals/Demuxe_R301_R306_Proposals.md	PRESERVED_REFERENCE_NOT_REVALIDATED_IN_THIS_PACKAGING_PASS
https://raw.githubusercontent.com/FFmpeg/FFmpeg/n7.1.1/libavcodec/h264idct_template.c	sources/proposals/Demuxe_R295_R300_Proposals.md; sources/reports/R239-R246-report.md	PRESERVED_REFERENCE_NOT_REVALIDATED_IN_THIS_PACKAGING_PASS
https://raw.githubusercontent.com/FFmpeg/FFmpeg/n7.1.1/libavcodec/lzw.c	sources/proposals/Demuxe_R313_R317_Proposals.md; sources/proposals/Demuxe_R363_R366_Proposals.md	PRESERVED_REFERENCE_NOT_REVALIDATED_IN_THIS_PACKAGING_PASS
https://raw.githubusercontent.com/FFmpeg/FFmpeg/n7.1.1/libavcodec/mjpeg.h	sources/proposals/Demuxe_R332_R337_Proposals.md	PRESERVED_REFERENCE_NOT_REVALIDATED_IN_THIS_PACKAGING_PASS
https://raw.githubusercontent.com/FFmpeg/FFmpeg/n7.1.1/libavcodec/mjpegdec.c	sources/proposals/Demuxe_R332_R337_Proposals.md	PRESERVED_REFERENCE_NOT_REVALIDATED_IN_THIS_PACKAGING_PASS
https://raw.githubusercontent.com/FFmpeg/FFmpeg/n7.1.1/libavcodec/mpeg12dec.c	sources/proposals/Demuxe_R289_R294_Proposals.md; sources/proposals/Demuxe_R332_R337_Proposals.md	PRESERVED_REFERENCE_NOT_REVALIDATED_IN_THIS_PACKAGING_PASS
https://raw.githubusercontent.com/FFmpeg/FFmpeg/n7.1.1/libavcodec/packet.h	sources/proposals/Demuxe_R332_R337_Proposals.md	PRESERVED_REFERENCE_NOT_REVALIDATED_IN_THIS_PACKAGING_PASS
https://raw.githubusercontent.com/FFmpeg/FFmpeg/n7.1.1/libavcodec/pcm_tablegen.h	sources/proposals/Demuxe_R307_R312_Proposals.md	PRESERVED_REFERENCE_NOT_REVALIDATED_IN_THIS_PACKAGING_PASS
https://raw.githubusercontent.com/FFmpeg/FFmpeg/n7.1.1/libavcodec/zmbv.c	sources/proposals/Demuxe_R307_R312_Proposals.md	PRESERVED_REFERENCE_NOT_REVALIDATED_IN_THIS_PACKAGING_PASS
https://raw.githubusercontent.com/FFmpeg/FFmpeg/n7.1.1/libavfilter/af_alimiter.c	sources/proposals/Demuxe_R338_R342_Proposals.md	PRESERVED_REFERENCE_NOT_REVALIDATED_IN_THIS_PACKAGING_PASS
https://raw.githubusercontent.com/FFmpeg/FFmpeg/n7.1.1/libavfilter/af_compand.c	sources/proposals/Demuxe_R289_R294_Proposals.md; sources/proposals/Demuxe_R313_R317_Proposals.md	PRESERVED_REFERENCE_NOT_REVALIDATED_IN_THIS_PACKAGING_PASS
https://raw.githubusercontent.com/FFmpeg/FFmpeg/n7.1.1/libavfilter/f_ebur128.c	sources/proposals/Demuxe_R307_R312_Proposals.md	PRESERVED_REFERENCE_NOT_REVALIDATED_IN_THIS_PACKAGING_PASS
https://raw.githubusercontent.com/FFmpeg/FFmpeg/n7.1.1/libavformat/matroskadec.c	sources/proposals/Demuxe_R358_R362_Proposals.md	PRESERVED_REFERENCE_NOT_REVALIDATED_IN_THIS_PACKAGING_PASS
https://raw.githubusercontent.com/FFmpeg/FFmpeg/n7.1.1/libavformat/mpegts.c	sources/proposals/Demuxe_R353_R357_Proposals.md	PRESERVED_REFERENCE_NOT_REVALIDATED_IN_THIS_PACKAGING_PASS
https://raw.githubusercontent.com/FFmpeg/FFmpeg/n7.1.1/libavutil/frame.h	sources/proposals/Demuxe_R332_R337_Proposals.md	PRESERVED_REFERENCE_NOT_REVALIDATED_IN_THIS_PACKAGING_PASS
https://raw.githubusercontent.com/chromium/chromium/main/components/viz/service/display/overlay_candidate_factory.cc	sources/proposals/Demuxe_R295_R300_Proposals.md	PRESERVED_REFERENCE_NOT_REVALIDATED_IN_THIS_PACKAGING_PASS
https://raw.githubusercontent.com/chromium/chromium/main/components/viz/service/display/overlay_processor_interface.h	sources/proposals/Demuxe_R295_R300_Proposals.md	PRESERVED_REFERENCE_NOT_REVALIDATED_IN_THIS_PACKAGING_PASS
https://raw.githubusercontent.com/chromium/chromium/main/media/formats/mp4/track_run_iterator.cc	sources/proposals/R102-R115-research-backlog.md	PRESERVED_REFERENCE_NOT_REVALIDATED_IN_THIS_PACKAGING_PASS
https://raw.githubusercontent.com/chromium/chromium/main/media/formats/webm/webm_cluster_parser.cc	sources/proposals/R102-R115-research-backlog.md	PRESERVED_REFERENCE_NOT_REVALIDATED_IN_THIS_PACKAGING_PASS
https://raw.githubusercontent.com/google/libultrahdr/main/lib/src/gainmapmath.cpp	sources/proposals/Demuxe_R301_R306_Proposals.md; sources/reports/R239-R246-report.md	PRESERVED_REFERENCE_NOT_REVALIDATED_IN_THIS_PACKAGING_PASS
https://raw.githubusercontent.com/google/libultrahdr/main/ultrahdr_api.h	sources/proposals/Demuxe_R301_R306_Proposals.md	PRESERVED_REFERENCE_NOT_REVALIDATED_IN_THIS_PACKAGING_PASS
https://raw.githubusercontent.com/gpac/mp4box.js/main/src/boxes/sidx.ts	sources/proposals/Demuxe_R348_R352_Proposals.md	PRESERVED_REFERENCE_NOT_REVALIDATED_IN_THIS_PACKAGING_PASS
https://raw.githubusercontent.com/gpac/mp4box.js/main/src/boxes/stts.ts	sources/proposals/Demuxe_R295_R300_Proposals.md	PRESERVED_REFERENCE_NOT_REVALIDATED_IN_THIS_PACKAGING_PASS
https://raw.githubusercontent.com/gpac/mp4box.js/main/src/isofile.ts	sources/proposals/Demuxe_R295_R300_Proposals.md	PRESERVED_REFERENCE_NOT_REVALIDATED_IN_THIS_PACKAGING_PASS
https://raw.githubusercontent.com/gpuweb/gpuweb/main/spec/index.bs	sources/proposals/Demuxe_R332_R337_Proposals.md; sources/proposals/Demuxe_R358_R362_Proposals.md; sources/proposals/Demuxe_R363_R366_Proposals.md	PRESERVED_REFERENCE_NOT_REVALIDATED_IN_THIS_PACKAGING_PASS
https://raw.githubusercontent.com/gpuweb/gpuweb/main/wgsl/index.bs	sources/proposals/Demuxe_R358_R362_Proposals.md	PRESERVED_REFERENCE_NOT_REVALIDATED_IN_THIS_PACKAGING_PASS
https://raw.githubusercontent.com/haasn/libplacebo/master/src/renderer.c	sources/proposals/Demuxe_R338_R342_Proposals.md	PRESERVED_REFERENCE_NOT_REVALIDATED_IN_THIS_PACKAGING_PASS
https://raw.githubusercontent.com/jiixyj/libebur128/v1.2.6/ebur128/ebur128.c	sources/proposals/Demuxe_R353_R357_Proposals.md	PRESERVED_REFERENCE_NOT_REVALIDATED_IN_THIS_PACKAGING_PASS
https://raw.githubusercontent.com/libjpeg-turbo/libjpeg-turbo/main/src/jdhuff.c	sources/proposals/Demuxe_R289_R294_Proposals.md	PRESERVED_REFERENCE_NOT_REVALIDATED_IN_THIS_PACKAGING_PASS
https://raw.githubusercontent.com/libjpeg-turbo/libjpeg-turbo/main/src/jdhuff.h	sources/proposals/Demuxe_R289_R294_Proposals.md	PRESERVED_REFERENCE_NOT_REVALIDATED_IN_THIS_PACKAGING_PASS
https://raw.githubusercontent.com/libjxl/libjxl/v0.11.1/lib/include/jxl/encode.h	sources/reports/R146-R158-report.md	PRESERVED_REFERENCE_NOT_REVALIDATED_IN_THIS_PACKAGING_PASS
https://raw.githubusercontent.com/madler/zlib/master/examples/gzjoin.c	sources/proposals/Demuxe_R343_R347_Proposals.md	PRESERVED_REFERENCE_NOT_REVALIDATED_IN_THIS_PACKAGING_PASS
https://raw.githubusercontent.com/madler/zlib/v1.3.1/examples/zran.c	sources/reports/R146-R158-report.md	PRESERVED_REFERENCE_NOT_REVALIDATED_IN_THIS_PACKAGING_PASS
https://raw.githubusercontent.com/paullouisageneau/libdatachannel/master/examples/streamer/README.md	sources/proposals/R102-R115-research-backlog.md	PRESERVED_REFERENCE_NOT_REVALIDATED_IN_THIS_PACKAGING_PASS
https://raw.githubusercontent.com/pnggroup/libpng/libpng16/pngrutil.c	sources/proposals/Demuxe_R343_R347_Proposals.md	PRESERVED_REFERENCE_NOT_REVALIDATED_IN_THIS_PACKAGING_PASS
https://raw.githubusercontent.com/qhull/qhull/master/html/qh-impre.htm	sources/proposals/Demuxe_R313_R317_Proposals.md	PRESERVED_REFERENCE_NOT_REVALIDATED_IN_THIS_PACKAGING_PASS
https://raw.githubusercontent.com/tc39/ecma262/main/spec.html	sources/proposals/Demuxe_R295_R300_Proposals.md	PRESERVED_REFERENCE_NOT_REVALIDATED_IN_THIS_PACKAGING_PASS
https://raw.githubusercontent.com/xiph/flac/master/src/libFLAC/fixed.c	sources/proposals/Demuxe_R295_R300_Proposals.md; sources/proposals/Demuxe_R338_R342_Proposals.md	PRESERVED_REFERENCE_NOT_REVALIDATED_IN_THIS_PACKAGING_PASS
https://raw.githubusercontent.com/xiph/ogg/master/src/framing.c	sources/proposals/Demuxe_R301_R306_Proposals.md	PRESERVED_REFERENCE_NOT_REVALIDATED_IN_THIS_PACKAGING_PASS
https://raw.githubusercontent.com/xiph/opus/main/include/opus.h	sources/proposals/Demuxe_R301_R306_Proposals.md	PRESERVED_REFERENCE_NOT_REVALIDATED_IN_THIS_PACKAGING_PASS
https://streams.spec.whatwg.org/	sources/proposals/Demuxe_Routing_Optimization_Ideas.md	PRESERVED_REFERENCE_NOT_REVALIDATED_IN_THIS_PACKAGING_PASS
https://videojs.org/blog/inband-captions-support-with-vhs	sources/proposals/Demuxe_R58_R69_Research_Backlog.md	PRESERVED_REFERENCE_NOT_REVALIDATED_IN_THIS_PACKAGING_PASS
https://w3c.github.io/ServiceWorker/	sources/proposals/R102-R115-research-backlog.md	PRESERVED_REFERENCE_NOT_REVALIDATED_IN_THIS_PACKAGING_PASS
https://w3c.github.io/media-source/	sources/proposals/Demuxe_Routing_Optimization_Ideas.md	PRESERVED_REFERENCE_NOT_REVALIDATED_IN_THIS_PACKAGING_PASS
https://w3c.github.io/webcodecs/	sources/proposals/R88-R101-research-backlog.md	PRESERVED_REFERENCE_NOT_REVALIDATED_IN_THIS_PACKAGING_PASS
https://web.dev/articles/mse-seamless-playback	sources/proposals/Demuxe_Sandbox_Experiment_Addendum.md	PRESERVED_REFERENCE_NOT_REVALIDATED_IN_THIS_PACKAGING_PASS
https://web.dev/articles/webassembly-performance-patterns-for-web-apps	sources/proposals/Demuxe_Routing_Optimization_Ideas.md	PRESERVED_REFERENCE_NOT_REVALIDATED_IN_THIS_PACKAGING_PASS
https://webassembly.github.io/spec/core/valid/index.html	sources/proposals/Demuxe_R289_R294_Proposals.md	PRESERVED_REFERENCE_NOT_REVALIDATED_IN_THIS_PACKAGING_PASS
https://webassembly.github.io/spec/js-api/index.html	sources/proposals/Demuxe_R353_R357_Proposals.md	PRESERVED_REFERENCE_NOT_REVALIDATED_IN_THIS_PACKAGING_PASS
https://wicg.github.io/video-rvfc/	sources/proposals/Demuxe_R58_R69_Research_Backlog.md	PRESERVED_REFERENCE_NOT_REVALIDATED_IN_THIS_PACKAGING_PASS
https://wiki.gpac.io/Filters/hevcmerge/	sources/proposals/R102-R115-research-backlog.md	PRESERVED_REFERENCE_NOT_REVALIDATED_IN_THIS_PACKAGING_PASS
https://wiki.gpac.io/Filters/tilesplit/	sources/proposals/R102-R115-research-backlog.md	PRESERVED_REFERENCE_NOT_REVALIDATED_IN_THIS_PACKAGING_PASS
https://wiki.gpac.io/MP4Box/mp4box-dash-opts/	sources/proposals/Demuxe_R348_R352_Proposals.md	PRESERVED_REFERENCE_NOT_REVALIDATED_IN_THIS_PACKAGING_PASS
https://wiki.webmproject.org/alpha-channel	sources/proposals/R88-R101-research-backlog.md	PRESERVED_REFERENCE_NOT_REVALIDATED_IN_THIS_PACKAGING_PASS
https://www.chromium.org/audio-video/	sources/proposals/R88-R101-research-backlog.md	PRESERVED_REFERENCE_NOT_REVALIDATED_IN_THIS_PACKAGING_PASS
https://www.ffmpeg.org/ffmpeg-bitstream-filters.html	sources/proposals/Demuxe_Routing_Optimization_Ideas.md	PRESERVED_REFERENCE_NOT_REVALIDATED_IN_THIS_PACKAGING_PASS
https://www.ffmpeg.org/ffmpeg-filters.html	sources/proposals/R102-R115-research-backlog.md	PRESERVED_REFERENCE_NOT_REVALIDATED_IN_THIS_PACKAGING_PASS
https://www.ffmpeg.org/ffmpeg-formats.html	sources/proposals/R102-R115-research-backlog.md	PRESERVED_REFERENCE_NOT_REVALIDATED_IN_THIS_PACKAGING_PASS
https://www.hhi.fraunhofer.de/en/departments/vca/research-groups/video-coding-technologies/research-topics/past-research-topics/mvc-extension-of-h264-avc.html	sources/proposals/Demuxe_R307_R312_Proposals.md	PRESERVED_REFERENCE_NOT_REVALIDATED_IN_THIS_PACKAGING_PASS
https://www.matroska.org/technical/elements.html	sources/proposals/Demuxe_R358_R362_Proposals.md; sources/proposals/R88-R101-research-backlog.md	PRESERVED_REFERENCE_NOT_REVALIDATED_IN_THIS_PACKAGING_PASS
https://www.matroska.org/technical/notes.html	sources/proposals/R102-R115-research-backlog.md	PRESERVED_REFERENCE_NOT_REVALIDATED_IN_THIS_PACKAGING_PASS
https://www.rfc-editor.org/rfc/rfc1951.html	sources/proposals/Demuxe_R343_R347_Proposals.md	PRESERVED_REFERENCE_NOT_REVALIDATED_IN_THIS_PACKAGING_PASS
https://www.rfc-editor.org/rfc/rfc3551.html#section-4.5.14	sources/proposals/Demuxe_R307_R312_Proposals.md	PRESERVED_REFERENCE_NOT_REVALIDATED_IN_THIS_PACKAGING_PASS
https://www.rfc-editor.org/rfc/rfc7845.html	sources/proposals/R102-R115-research-backlog.md; sources/proposals/R88-R101-research-backlog.md	PRESERVED_REFERENCE_NOT_REVALIDATED_IN_THIS_PACKAGING_PASS
https://www.rfc-editor.org/rfc/rfc8216.html	sources/proposals/Demuxe_R363_R366_Proposals.md; sources/proposals/R88-R101-research-backlog.md; sources/reports/R363-R366-report.md	PRESERVED_REFERENCE_NOT_REVALIDATED_IN_THIS_PACKAGING_PASS
https://www.rfc-editor.org/rfc/rfc9110.html	sources/proposals/R102-R115-research-backlog.md	PRESERVED_REFERENCE_NOT_REVALIDATED_IN_THIS_PACKAGING_PASS
https://www.rfc-editor.org/rfc/rfc9639.html	sources/proposals/Demuxe_R295_R300_Proposals.md; sources/proposals/Demuxe_R307_R312_Proposals.md; sources/proposals/Demuxe_R338_R342_Proposals.md; sources/proposals/Demuxe_R353_R357_Proposals.md; sources/proposals/Demuxe_Routing_Optimization_Ideas.md; sources/proposals/R102-R115-research-backlog.md	PRESERVED_REFERENCE_NOT_REVALIDATED_IN_THIS_PACKAGING_PASS
https://www.w3.org/Graphics/GIF/spec-gif89a.txt	sources/proposals/Demuxe_R313_R317_Proposals.md; sources/proposals/Demuxe_R363_R366_Proposals.md; sources/reports/R363-R366-report.md	PRESERVED_REFERENCE_NOT_REVALIDATED_IN_THIS_PACKAGING_PASS
https://www.w3.org/TR/2026/WD-media-source-2-20260807/	sources/proposals/Demuxe_R353_R357_Proposals.md; sources/proposals/Demuxe_R43_R57_Experiment_Backlog.md; sources/proposals/Demuxe_R58_R69_Research_Backlog.md	PRESERVED_REFERENCE_NOT_REVALIDATED_IN_THIS_PACKAGING_PASS
https://www.w3.org/TR/FileAPI/	sources/proposals/Demuxe_R43_R57_Experiment_Backlog.md; sources/proposals/Demuxe_R58_R69_Research_Backlog.md; sources/proposals/R88-R101-research-backlog.md	PRESERVED_REFERENCE_NOT_REVALIDATED_IN_THIS_PACKAGING_PASS
https://www.w3.org/TR/WGSL/	sources/proposals/Demuxe_R301_R306_Proposals.md	PRESERVED_REFERENCE_NOT_REVALIDATED_IN_THIS_PACKAGING_PASS
https://www.w3.org/TR/compositing-1/	sources/proposals/Demuxe_R358_R362_Proposals.md	PRESERVED_REFERENCE_NOT_REVALIDATED_IN_THIS_PACKAGING_PASS
https://www.w3.org/TR/media-source-2/	sources/proposals/Demuxe_Sandbox_Experiment_Addendum.md	PRESERVED_REFERENCE_NOT_REVALIDATED_IN_THIS_PACKAGING_PASS
https://www.w3.org/TR/mediacapture-transform/	sources/proposals/Demuxe_Routing_Optimization_Ideas.md	PRESERVED_REFERENCE_NOT_REVALIDATED_IN_THIS_PACKAGING_PASS
https://www.w3.org/TR/mse-byte-stream-format-isobmff/	sources/proposals/Demuxe_R295_R300_Proposals.md; sources/proposals/Demuxe_R348_R352_Proposals.md; sources/proposals/Demuxe_R43_R57_Experiment_Backlog.md; sources/proposals/Demuxe_Sandbox_Experiment_Addendum.md; sources/proposals/R102-R115-research-backlog.md; sources/proposals/R88-R101-research-backlog.md	PRESERVED_REFERENCE_NOT_REVALIDATED_IN_THIS_PACKAGING_PASS
https://www.w3.org/TR/mse-byte-stream-format-mpeg-audio/	sources/proposals/Demuxe_Sandbox_Experiment_Addendum.md	PRESERVED_REFERENCE_NOT_REVALIDATED_IN_THIS_PACKAGING_PASS
https://www.w3.org/TR/mse-byte-stream-format-registry/	sources/proposals/Demuxe_Sandbox_Experiment_Addendum.md	PRESERVED_REFERENCE_NOT_REVALIDATED_IN_THIS_PACKAGING_PASS
https://www.w3.org/TR/mse-byte-stream-format-webm/	sources/proposals/Demuxe_R43_R57_Experiment_Backlog.md; sources/proposals/Demuxe_Sandbox_Experiment_Addendum.md	PRESERVED_REFERENCE_NOT_REVALIDATED_IN_THIS_PACKAGING_PASS
https://www.w3.org/TR/png-3/	sources/proposals/Demuxe_R343_R347_Proposals.md; sources/proposals/Demuxe_R358_R362_Proposals.md	PRESERVED_REFERENCE_NOT_REVALIDATED_IN_THIS_PACKAGING_PASS
https://www.w3.org/TR/webaudio-1.0/	sources/proposals/Demuxe_R43_R57_Experiment_Backlog.md; sources/proposals/Demuxe_R58_R69_Research_Backlog.md; sources/proposals/Demuxe_Routing_Optimization_Ideas.md; sources/reports/R146-R158-report.md	PRESERVED_REFERENCE_NOT_REVALIDATED_IN_THIS_PACKAGING_PASS
https://www.w3.org/TR/webaudio/	sources/proposals/Demuxe_R301_R306_Proposals.md; sources/proposals/Demuxe_R338_R342_Proposals.md; sources/proposals/Demuxe_R343_R347_Proposals.md; sources/proposals/Demuxe_R363_R366_Proposals.md	PRESERVED_REFERENCE_NOT_REVALIDATED_IN_THIS_PACKAGING_PASS
https://www.w3.org/TR/webcodecs-aac-codec-registration/	sources/proposals/Demuxe_R343_R347_Proposals.md	PRESERVED_REFERENCE_NOT_REVALIDATED_IN_THIS_PACKAGING_PASS
https://www.w3.org/TR/webcodecs-av1-codec-registration/	sources/proposals/Demuxe_R301_R306_Proposals.md; sources/proposals/Demuxe_R348_R352_Proposals.md	PRESERVED_REFERENCE_NOT_REVALIDATED_IN_THIS_PACKAGING_PASS
https://www.w3.org/TR/webcodecs-avc-codec-registration/	sources/proposals/Demuxe_R289_R294_Proposals.md; sources/proposals/Demuxe_R307_R312_Proposals.md; sources/proposals/Demuxe_R358_R362_Proposals.md	PRESERVED_REFERENCE_NOT_REVALIDATED_IN_THIS_PACKAGING_PASS
https://www.w3.org/TR/webcodecs-vp9-codec-registration/	sources/proposals/Demuxe_R332_R337_Proposals.md; sources/proposals/R88-R101-research-backlog.md	PRESERVED_REFERENCE_NOT_REVALIDATED_IN_THIS_PACKAGING_PASS
https://www.w3.org/TR/webcodecs/	sources/proposals/Demuxe_R289_R294_Proposals.md; sources/proposals/Demuxe_R332_R337_Proposals.md; sources/proposals/Demuxe_R358_R362_Proposals.md; sources/proposals/Demuxe_Routing_Optimization_Ideas.md; sources/reports/R239-R246-report.md	PRESERVED_REFERENCE_NOT_REVALIDATED_IN_THIS_PACKAGING_PASS
https://www.w3.org/TR/webcrypto/	sources/proposals/Demuxe_R289_R294_Proposals.md; sources/proposals/Demuxe_R307_R312_Proposals.md	PRESERVED_REFERENCE_NOT_REVALIDATED_IN_THIS_PACKAGING_PASS
https://www.w3.org/TR/webrtc/	sources/proposals/R102-R115-research-backlog.md	PRESERVED_REFERENCE_NOT_REVALIDATED_IN_THIS_PACKAGING_PASS
https://www.w3.org/TR/webvtt1/	sources/proposals/Demuxe_Sandbox_Experiment_Addendum.md	PRESERVED_REFERENCE_NOT_REVALIDATED_IN_THIS_PACKAGING_PASS
https://xiph.org/ogg/doc/framing.html	sources/proposals/Demuxe_R301_R306_Proposals.md	PRESERVED_REFERENCE_NOT_REVALIDATED_IN_THIS_PACKAGING_PASS
https://zlib.net/manual.html	sources/proposals/Demuxe_R301_R306_Proposals.md; sources/proposals/Demuxe_R343_R347_Proposals.md	PRESERVED_REFERENCE_NOT_REVALIDATED_IN_THIS_PACKAGING_PASS
