case,lane,round,route,video_owner,audio_owner,subtitle_owner,presentation_owner,decoder,presenter,cpu_percent,progression_rate,presented_frames,expected_frames,dropped_frames,stall,peak_summed_rss_mib,backend_render_seconds,backend_copy_seconds
rr-av1-4k24-opus,demuxe.auto,1,native-direct,browser-media-element,browser-media-element,browser-text-track,browser-media-element,,direct,71.9063,1.0022,496,496.15,0,none,1248.3,0.000,0.000
rr-av1-4k24-opus,demuxe.auto,2,native-direct,browser-media-element,browser-media-element,browser-text-track,browser-media-element,,direct,75.1010,1.0045,495,495.07,0,none,1390.8,0.000,0.000
rr-av1-4k24-opus,demuxe.auto,3,native-direct,browser-media-element,browser-media-element,browser-text-track,browser-media-element,,direct,85.9788,1.0051,495,494.74,0,none,1473.1,0.000,0.000
rr-av1-4k24-opus,demuxe.hybrid,1,hybrid,browser-webcodecs,mpv-pcm-worklet,mpv,demuxe-retained-frame,webcodecs,retained,73.5415,1.0003,492,494.86,unavailable,none,1366.0,0.010,0.000
rr-av1-4k24-opus,demuxe.hybrid,2,hybrid,browser-webcodecs,mpv-pcm-worklet,mpv,demuxe-retained-frame,webcodecs,retained,73.6556,1.0013,494,495.36,unavailable,none,1355.7,0.011,0.000
rr-av1-4k24-opus,demuxe.hybrid,3,hybrid,browser-webcodecs,mpv-pcm-worklet,mpv,demuxe-retained-frame,webcodecs,retained,74.7474,1.0023,492,493.85,unavailable,none,1324.5,0.010,0.000
rr-av1-4k24-opus,demuxe.software,1,software,ffmpeg,mpv-pcm-worklet,mpv,demuxe-retained-frame,software,rgb,103.7348,1.0013,493,492.36,unavailable,none,1304.9,5.168,0.254
rr-av1-4k24-opus,demuxe.software,2,software,ffmpeg,mpv-pcm-worklet,mpv,demuxe-retained-frame,software,rgb,100.3765,0.9989,492,492.53,unavailable,none,1308.3,5.043,0.255
rr-av1-4k24-opus,demuxe.software,3,software,ffmpeg,mpv-pcm-worklet,mpv,demuxe-retained-frame,software,rgb,114.2528,0.9998,495,492.10,unavailable,none,1306.4,4.980,0.257
rr-h264-1080p60-aac,demuxe.auto,1,native-direct,browser-media-element,browser-media-element,browser-text-track,browser-media-element,,direct,54.1586,1.0103,1246,1246.14,0,none,1166.6,0.000,0.000
rr-h264-1080p60-aac,demuxe.auto,2,native-direct,browser-media-element,browser-media-element,browser-text-track,browser-media-element,,direct,53.2580,1.0115,1245,1244.58,0,none,1107.5,0.000,0.000
rr-h264-1080p60-aac,demuxe.auto,3,native-direct,browser-media-element,browser-media-element,browser-text-track,browser-media-element,,direct,46.2745,1.0094,1247,1247.28,0,none,1017.4,0.000,0.000
rr-h264-1080p60-aac,demuxe.hybrid,1,hybrid,browser-webcodecs,mpv-pcm-worklet,mpv,demuxe-retained-frame,webcodecs,retained,79.1880,0.9998,1240,1238.34,unavailable,none,1112.2,0.042,0.000
rr-h264-1080p60-aac,demuxe.hybrid,2,hybrid,browser-webcodecs,mpv-pcm-worklet,mpv,demuxe-retained-frame,webcodecs,retained,74.3357,1.0002,1240,1237.80,unavailable,none,1110.6,0.044,0.000
rr-h264-1080p60-aac,demuxe.hybrid,3,hybrid,browser-webcodecs,mpv-pcm-worklet,mpv,demuxe-retained-frame,webcodecs,retained,74.3076,0.9999,1234,1238.10,unavailable,none,1291.3,0.042,0.000
rr-h264-1080p60-aac,demuxe.software,1,software,ffmpeg,mpv-pcm-worklet,mpv,demuxe-retained-frame,software,rgb,96.7190,1.0002,1231,1230.78,unavailable,none,1251.0,5.911,0.618
rr-h264-1080p60-aac,demuxe.software,2,software,ffmpeg,mpv-pcm-worklet,mpv,demuxe-retained-frame,software,rgb,97.7830,0.9997,1234,1229.40,unavailable,none,1139.1,5.922,0.623
rr-h264-1080p60-aac,demuxe.software,3,software,ffmpeg,mpv-pcm-worklet,mpv,demuxe-retained-frame,software,rgb,97.0690,1.0001,1232,1229.88,unavailable,none,1127.2,5.949,0.612
rr-h264-1080p60-aac,libmedia.default,1,custom,,,,,,,69.0981,1.0000,1236,1235.94,0,none,1132.7,0.000,0.000
rr-h264-1080p60-aac,libmedia.default,2,custom,,,,,,,57.9012,0.9999,1231,1231.20,0,none,1116.6,0.000,0.000
rr-h264-1080p60-aac,libmedia.default,3,custom,,,,,,,70.1404,1.0003,1236,1235.64,0,none,1120.3,0.000,0.000
rr-h264-1080p60-aac,video.default,1,native-direct,,,,,,,51.4352,0.9998,1242,1241.28,0,none,1158.9,0.000,0.000
rr-h264-1080p60-aac,video.default,2,native-direct,,,,,,,52.6831,0.9999,1241,1240.68,0,none,1012.1,0.000,0.000
rr-h264-1080p60-aac,video.default,3,native-direct,,,,,,,44.7642,1.0007,1239,1238.22,0,none,977.9,0.000,0.000
rr-hevc-4k24-aac,demuxe.auto,1,native-direct,browser-media-element,browser-media-element,browser-text-track,browser-media-element,,direct,40.7424,0.9975,498,498.50,0,none,970.3,0.000,0.000
rr-hevc-4k24-aac,demuxe.auto,2,native-direct,browser-media-element,browser-media-element,browser-text-track,browser-media-element,,direct,44.7091,1.0001,496,497.16,0,none,1022.2,0.000,0.000
rr-hevc-4k24-aac,demuxe.auto,3,native-direct,browser-media-element,browser-media-element,browser-text-track,browser-media-element,,direct,49.3921,0.9981,498,498.19,0,none,991.3,0.000,0.000
rr-hevc-4k24-aac,demuxe.hybrid,1,hybrid,browser-webcodecs,mpv-pcm-worklet,mpv,demuxe-retained-frame,webcodecs,retained,70.4741,1.0010,495,495.50,unavailable,none,1135.0,0.015,0.000
rr-hevc-4k24-aac,demuxe.hybrid,2,hybrid,browser-webcodecs,mpv-pcm-worklet,mpv,demuxe-retained-frame,webcodecs,retained,70.6209,1.0015,495,496.27,unavailable,none,1043.3,0.015,0.000
rr-hevc-4k24-aac,demuxe.hybrid,3,hybrid,browser-webcodecs,mpv-pcm-worklet,mpv,demuxe-retained-frame,webcodecs,retained,64.0565,1.0000,496,496.01,unavailable,none,1073.0,0.017,0.000
rr-hevc-4k24-aac,demuxe.software,1,software,ffmpeg,mpv-pcm-worklet,mpv,demuxe-retained-frame,software,rgb,126.5812,0.9998,495,492.10,unavailable,none,1332.7,5.199,0.247
rr-hevc-4k24-aac,demuxe.software,2,software,ffmpeg,mpv-pcm-worklet,mpv,demuxe-retained-frame,software,rgb,122.1942,0.9992,494,492.41,unavailable,none,1457.5,5.125,0.247
rr-hevc-4k24-aac,demuxe.software,3,software,ffmpeg,mpv-pcm-worklet,mpv,demuxe-retained-frame,software,rgb,125.0031,0.9994,488,492.31,unavailable,none,1532.1,5.078,0.242
rr-hevc-4k24-aac,libmedia.default,1,custom,,,,,,,61.1329,0.9994,494,494.35,0,none,1085.9,0.000,0.000
rr-hevc-4k24-aac,libmedia.default,2,custom,,,,,,,59.0318,0.9998,494,494.16,0,none,1068.8,0.000,0.000
rr-hevc-4k24-aac,libmedia.default,3,custom,,,,,,,62.4268,0.9989,494,494.62,0,none,1110.2,0.000,0.000
rr-hevc-4k24-aac,video.default,1,native-direct,,,,,,,40.8594,1.0000,496,496.20,0,none,975.4,0.000,0.000
rr-hevc-4k24-aac,video.default,2,native-direct,,,,,,,51.0353,0.9994,496,495.96,0,none,954.3,0.000,0.000
rr-hevc-4k24-aac,video.default,3,native-direct,,,,,,,49.5809,1.0001,495,494.62,0,none,991.9,0.000,0.000
rr-hevc-4k24-truehd-pgs,demuxe.auto,1,hybrid,browser-webcodecs,mpv-pcm-worklet,mpv,demuxe-retained-frame,webcodecs,retained,65.1074,1.0010,496,494.52,unavailable,none,1174.4,0.013,0.000
rr-hevc-4k24-truehd-pgs,demuxe.auto,2,hybrid,browser-webcodecs,mpv-pcm-worklet,mpv,demuxe-retained-frame,webcodecs,retained,69.1447,1.0025,493,495.77,unavailable,none,1130.5,0.018,0.000
rr-hevc-4k24-truehd-pgs,demuxe.auto,3,hybrid,browser-webcodecs,mpv-pcm-worklet,mpv,demuxe-retained-frame,webcodecs,retained,61.4690,1.0005,496,496.75,unavailable,none,1101.2,0.019,0.000
rr-hevc-4k24-truehd-pgs,demuxe.hybrid,1,hybrid,browser-webcodecs,mpv-pcm-worklet,mpv,demuxe-retained-frame,webcodecs,retained,69.4265,1.0000,490,495.00,unavailable,none,1108.1,0.017,0.000
rr-hevc-4k24-truehd-pgs,demuxe.hybrid,2,hybrid,browser-webcodecs,mpv-pcm-worklet,mpv,demuxe-retained-frame,webcodecs,retained,70.9699,1.0003,491,494.86,unavailable,none,1140.0,0.016,0.000
rr-hevc-4k24-truehd-pgs,demuxe.hybrid,3,hybrid,browser-webcodecs,mpv-pcm-worklet,mpv,demuxe-retained-frame,webcodecs,retained,72.1520,1.0003,495,495.84,unavailable,none,1115.9,0.018,0.000
rr-hevc-4k24-truehd-pgs,demuxe.software,1,software,ffmpeg,mpv-pcm-worklet,mpv,demuxe-retained-frame,software,rgb,128.3386,0.9998,493,492.10,unavailable,none,1365.5,5.125,0.246
rr-hevc-4k24-truehd-pgs,demuxe.software,2,software,ffmpeg,mpv-pcm-worklet,mpv,demuxe-retained-frame,software,rgb,127.9449,0.9999,495,492.05,unavailable,none,1494.9,5.119,0.245
rr-hevc-4k24-truehd-pgs,demuxe.software,3,software,ffmpeg,mpv-pcm-worklet,mpv,demuxe-retained-frame,software,rgb,113.5617,0.9989,494,492.53,unavailable,none,1444.5,5.249,0.251
rr-prores-1080p30-video,demuxe.auto,1,software,ffmpeg,mpv-pcm-worklet,mpv,demuxe-retained-frame,software,rgb,79.9217,0.9999,614,615.06,unavailable,none,1152.8,3.878,0.319
rr-prores-1080p30-video,demuxe.auto,2,software,ffmpeg,mpv-pcm-worklet,mpv,demuxe-retained-frame,software,rgb,71.5820,0.9997,615,615.21,unavailable,none,1166.8,4.006,0.323
rr-prores-1080p30-video,demuxe.auto,3,software,ffmpeg,mpv-pcm-worklet,mpv,demuxe-retained-frame,software,rgb,78.5421,1.0010,614,615.36,unavailable,none,1143.1,3.895,0.324
rr-prores-1080p30-video,demuxe.software,1,software,ffmpeg,mpv-pcm-worklet,mpv,demuxe-retained-frame,software,rgb,71.3294,0.9999,612,616.08,unavailable,none,1128.5,3.987,0.324
rr-prores-1080p30-video,demuxe.software,2,software,ffmpeg,mpv-pcm-worklet,mpv,demuxe-retained-frame,software,rgb,70.0661,1.0013,614,615.21,unavailable,none,1157.5,3.959,0.323
rr-prores-1080p30-video,demuxe.software,3,software,ffmpeg,mpv-pcm-worklet,mpv,demuxe-retained-frame,software,rgb,83.9217,1.0001,613,614.94,unavailable,none,1142.3,3.894,0.319
